<Packages>
    <ApplicationName>SOFJAN protocol generator</ApplicationName>
    <ApplicationVersion>1.0.0</ApplicationVersion>
    <Package>
        <Name>com.sofjan.generator</Name>
        <Title>Protocol Generator</Title>
        <Description>Program do konwersji rozkładów jazdy do plików binarnych</Description>
        <SortingPriority>0</SortingPriority>
        <TreeName moveChildren="false"></TreeName>
        <Version>0.5.0-1</Version>
        <LastUpdateDate></LastUpdateDate>
        <InstallDate>2023-10-23</InstallDate>
        <Size>61130083</Size>
        <Checkable>true</Checkable>
    </Package>
</Packages>
